{"AuxAudioDevice1":{"balance":0.5,"deinterlace_field_order":0,"deinterlace_mode":0,"enabled":true,"filters":[{"balance":0.5,"deinterlace_field_order":0,"deinterlace_mode":0,"enabled":true,"flags":0,"hotkeys":{},"id":"noise_suppress_filter","mixers":255,"monitoring_type":0,"muted":false,"name":"Noise Suppression","prev_ver":453115908,"private_settings":{},"push-to-mute":false,"push-to-mute-delay":0,"push-to-talk":false,"push-to-talk-delay":0,"settings":{"method":"rnnoise","suppress_level":-10},"sync":0,"versioned_id":"noise_suppress_filter_v2","volume":1.0}],"flags":0,"hotkeys":{"libobs.mute":[],"libobs.push-to-mute":[],"libobs.push-to-talk":[],"libobs.unmute":[]},"id":"wasapi_input_capture","mixers":255,"monitoring_type":0,"muted":true,"name":"Mic/Aux","prev_ver":453115908,"private_settings":{"volume_locked":false},"push-to-mute":false,"push-to-mute-delay":0,"push-to-talk":false,"push-to-talk-delay":0,"settings":{"device_id":"{0.0.1.00000000}.{9f4970c9-087c-4aa4-88a7-ffe4c9a70991}"},"sync":0,"versioned_id":"wasapi_input_capture","volume":1.0},"DesktopAudioDevice1":{"balance":0.5,"deinterlace_field_order":0,"deinterlace_mode":0,"enabled":true,"flags":0,"hotkeys":{"libobs.mute":[],"libobs.push-to-mute":[],"libobs.push-to-talk":[],"libobs.unmute":[]},"id":"wasapi_output_capture","mixers":255,"monitoring_type":0,"muted":false,"name":"Discord","prev_ver":453115908,"private_settings":{},"push-to-mute":false,"push-to-mute-delay":0,"push-to-talk":false,"push-to-talk-delay":0,"settings":{"device_id":"{0.0.0.00000000}.{4b96cd8e-26ce-4077-91e2-7304db73feb5}"},"sync":0,"versioned_id":"wasapi_output_capture","volume":0.5907055139541626},"DesktopAudioDevice2":{"balance":0.5,"deinterlace_field_order":0,"deinterlace_mode":0,"enabled":true,"flags":0,"hotkeys":{"libobs.mute":[],"libobs.push-to-mute":[],"libobs.push-to-talk":[],"libobs.unmute":[]},"id":"wasapi_output_capture","mixers":255,"monitoring_type":0,"muted":true,"name":"Desktop Audio","prev_ver":453115908,"private_settings":{},"push-to-mute":false,"push-to-mute-delay":0,"push-to-talk":false,"push-to-talk-delay":0,"settings":{"device_id":"{0.0.0.00000000}.{062186ac-368e-4243-b321-6f6a936ac6e5}","use_device_timing":true},"sync":0,"versioned_id":"wasapi_output_capture","volume":1.0},"current_program_scene":"Scene","current_scene":"Scene","current_transition":"Fade","groups":[],"modules":{"auto-scene-switcher":{"active":false,"interval":300,"non_matching_scene":"","switch_if_not_matching":false,"switches":[]},"captions":{"enabled":false,"lang_id":1033,"provider":"mssapi","source":""},"decklink_captions":{"source":""},"output-timer":{"autoStartRecordTimer":false,"autoStartStreamTimer":false,"pauseRecordTimer":true,"recordTimerHours":0,"recordTimerMinutes":0,"recordTimerSeconds":30,"streamTimerHours":0,"streamTimerMinutes":0,"streamTimerSeconds":30},"scripts-tool":[]},"name":"recording + ubsl streaming","preview_locked":false,"quick_transitions":[{"duration":300,"fade_to_black":false,"hotkeys":[],"id":1,"name":"Fade"},{"duration":300,"fade_to_black":false,"hotkeys":[],"id":2,"name":"Fade"},{"duration":300,"fade_to_black":true,"hotkeys":[],"id":3,"name":"Fade"}],"saved_projectors":[],"scaling_enabled":false,"scaling_level":0,"scaling_off_x":0.0,"scaling_off_y":0.0,"scene_order":[{"name":"Scene"},{"name":"Starting Soon UBSL"},{"name":"Intermission UBSL"},{"name":"Match UBSL"},{"name":"Stream Ending UBSL"},{"name":"BRB UBSL"},{"name":"Warmup UBSL"},{"name":"Interview UBSL"}],"sources":[{"balance":0.5,"deinterlace_field_order":0,"deinterlace_mode":0,"enabled":true,"flags":0,"hotkeys":{},"id":"text_gdiplus","mixers":0,"monitoring_type":0,"muted":false,"name":"Best of...","prev_ver":453115908,"private_settings":{},"push-to-mute":false,"push-to-mute-delay":0,"push-to-talk":false,"push-to-talk-delay":0,"settings":{"font":{"face":"BIZ UDPゴシック","flags":0,"size":256,"style":"Regular"},"text":"5"},"sync":0,"versioned_id":"text_gdiplus_v2","volume":1.0},{"balance":0.5,"deinterlace_field_order":0,"deinterlace_mode":0,"enabled":true,"flags":0,"hotkeys":{},"id":"text_gdiplus","mixers":0,"monitoring_type":0,"muted":false,"name":"Match Flow","prev_ver":453115908,"private_settings":{},"push-to-mute":false,"push-to-mute-delay":0,"push-to-talk":false,"push-to-talk-delay":0,"settings":{"font":{"face":"BIZ UDPゴシック","flags":0,"size":256,"style":"Regular"},"text":"Best of"},"sync":0,"versioned_id":"text_gdiplus_v2","volume":1.0},{"balance":0.5,"deinterlace_field_order":0,"deinterlace_mode":0,"enabled":true,"flags":0,"hotkeys":{},"id":"window_capture","mixers":0,"monitoring_type":0,"muted":false,"name":"Intermission Gameplay 2","prev_ver":453115908,"private_settings":{},"push-to-mute":false,"push-to-mute-delay":0,"push-to-talk":false,"push-to-talk-delay":0,"settings":{"window":"multitwitch - Opera:Chrome_WidgetWin_1:opera.exe"},"sync":0,"versioned_id":"window_capture","volume":1.0},{"balance":0.5,"deinterlace_field_order":0,"deinterlace_mode":0,"enabled":true,"flags":0,"hotkeys":{},"id":"window_capture","mixers":0,"monitoring_type":0,"muted":false,"name":"Intermission Gameplay 1","prev_ver":453115908,"private_settings":{},"push-to-mute":false,"push-to-mute-delay":0,"push-to-talk":false,"push-to-talk-delay":0,"settings":{"cursor":false,"window":"multitwitch - Opera:Chrome_WidgetWin_1:opera.exe"},"sync":0,"versioned_id":"window_capture","volume":1.0},{"balance":0.5,"deinterlace_field_order":0,"deinterlace_mode":0,"enabled":true,"flags":0,"hotkeys":{},"id":"image_source","mixers":0,"monitoring_type":0,"muted":false,"name":"Intermission V3","prev_ver":453115908,"private_settings":{},"push-to-mute":false,"push-to-mute-delay":0,"push-to-talk":false,"push-to-talk-delay":0,"settings":{"file":"C:/Users/12037/OneDrive/Pictures/Video images/UBSL Overlays V3/UBSL_IntermissionV3.png"},"sync":0,"versioned_id":"image_source","volume":1.0},{"balance":0.5,"deinterlace_field_order":0,"deinterlace_mode":0,"enabled":true,"flags":0,"hotkeys":{},"id":"text_gdiplus","mixers":0,"monitoring_type":0,"muted":false,"name":"Mapper","prev_ver":453115908,"private_settings":{},"push-to-mute":false,"push-to-mute-delay":0,"push-to-talk":false,"push-to-talk-delay":0,"settings":{"font":{"face":"BIZ UDPゴシック","flags":0,"size":256,"style":"Regular"},"text":"Mapper: "},"sync":0,"versioned_id":"text_gdiplus_v2","volume":1.0},{"balance":0.5,"deinterlace_field_order":0,"deinterlace_mode":0,"enabled":true,"flags":0,"hotkeys":{},"id":"text_gdiplus","mixers":0,"monitoring_type":0,"muted":false,"name":"Song Author","prev_ver":453115908,"private_settings":{},"push-to-mute":false,"push-to-mute-delay":0,"push-to-talk":false,"push-to-talk-delay":0,"settings":{"font":{"face":"BIZ UDPゴシック","flags":0,"size":256,"style":"Regular"},"text":"Song Author"},"sync":0,"versioned_id":"text_gdiplus_v2","volume":1.0},{"balance":0.5,"deinterlace_field_order":0,"deinterlace_mode":0,"enabled":true,"flags":0,"hotkeys":{},"id":"text_gdiplus","mixers":0,"monitoring_type":0,"muted":false,"name":"Song Name","prev_ver":453115908,"private_settings":{},"push-to-mute":false,"push-to-mute-delay":0,"push-to-talk":false,"push-to-talk-delay":0,"settings":{"font":{"face":"BIZ UDPゴシック","flags":0,"size":256,"style":"Regular"},"text":"Song Name"},"sync":0,"versioned_id":"text_gdiplus_v2","volume":1.0},{"balance":0.5,"deinterlace_field_order":0,"deinterlace_mode":0,"enabled":true,"flags":0,"hotkeys":{"ObsBrowser.Refresh":[],"libobs.mute":[],"libobs.push-to-mute":[],"libobs.push-to-talk":[],"libobs.unmute":[]},"id":"browser_source","mixers":255,"monitoring_type":0,"muted":false,"name":"Discord Overlay","prev_ver":453115908,"private_settings":{},"push-to-mute":false,"push-to-mute-delay":0,"push-to-talk":false,"push-to-talk-delay":0,"settings":{"url":"https://streamkit.discord.com/overlay/voice/912874267429990440/972292615238205461?icon=true&online=true&logo=white&text_color=%23ffffff&text_size=20&text_outline_color=%23000000&text_outline_size=0&text_shadow_color=%23000000&text_shadow_size=0&bg_color=%231e2124&bg_opacity=0&bg_shadow_color=%23000000&bg_shadow_size=0&invite_code=&limit_speaking=false&small_avatars=true&hide_names=false&fade_chat=0"},"sync":0,"versioned_id":"browser_source","volume":1.0},{"balance":0.5,"deinterlace_field_order":0,"deinterlace_mode":0,"enabled":true,"flags":0,"hotkeys":{},"id":"window_capture","mixers":0,"monitoring_type":0,"muted":false,"name":"Match Gameplay 2","prev_ver":453115908,"private_settings":{},"push-to-mute":false,"push-to-mute-delay":0,"push-to-talk":false,"push-to-talk-delay":0,"settings":{"cursor":false,"window":"multitwitch - Opera:Chrome_WidgetWin_1:opera.exe"},"sync":0,"versioned_id":"window_capture","volume":1.0},{"balance":0.5,"deinterlace_field_order":0,"deinterlace_mode":0,"enabled":true,"flags":0,"hotkeys":{},"id":"image_source","mixers":0,"monitoring_type":0,"muted":false,"name":"UBSL Match V3","prev_ver":453115908,"private_settings":{},"push-to-mute":false,"push-to-mute-delay":0,"push-to-talk":false,"push-to-talk-delay":0,"settings":{"file":"C:/Users/12037/OneDrive/Pictures/Video images/UBSL Overlays V3/UBSL_MatchV3.png"},"sync":0,"versioned_id":"image_source","volume":1.0},{"balance":0.5,"deinterlace_field_order":0,"deinterlace_mode":0,"enabled":true,"flags":0,"hotkeys":{},"id":"window_capture","mixers":0,"monitoring_type":0,"muted":false,"name":"Match Gameplay 1","prev_ver":453115908,"private_settings":{},"push-to-mute":false,"push-to-mute-delay":0,"push-to-talk":false,"push-to-talk-delay":0,"settings":{"window":"multitwitch - Opera:Chrome_WidgetWin_1:opera.exe"},"sync":0,"versioned_id":"window_capture","volume":1.0},{"balance":0.5,"deinterlace_field_order":0,"deinterlace_mode":0,"enabled":true,"flags":0,"hotkeys":{},"id":"window_capture","mixers":0,"monitoring_type":0,"muted":false,"name":"Gameplay 2 Warmup","prev_ver":453115908,"private_settings":{},"push-to-mute":false,"push-to-mute-delay":0,"push-to-talk":false,"push-to-talk-delay":0,"settings":{"window":"multitwitch - Opera:Chrome_WidgetWin_1:opera.exe"},"sync":0,"versioned_id":"window_capture","volume":1.0},{"balance":0.5,"deinterlace_field_order":0,"deinterlace_mode":0,"enabled":true,"flags":0,"hotkeys":{},"id":"window_capture","mixers":0,"monitoring_type":0,"muted":false,"name":"Gameplay 1 Warmup","prev_ver":453115908,"private_settings":{},"push-to-mute":false,"push-to-mute-delay":0,"push-to-talk":false,"push-to-talk-delay":0,"settings":{"cursor":false,"window":"multitwitch - Opera:Chrome_WidgetWin_1:opera.exe"},"sync":0,"versioned_id":"window_capture","volume":1.0},{"balance":0.5,"deinterlace_field_order":0,"deinterlace_mode":0,"enabled":true,"flags":0,"hotkeys":{},"id":"image_source","mixers":0,"monitoring_type":0,"muted":false,"name":"THE STICKMAN","prev_ver":453115908,"private_settings":{},"push-to-mute":false,"push-to-mute-delay":0,"push-to-talk":false,"push-to-talk-delay":0,"settings":{"file":"C:/Users/12037/OneDrive/Pictures/Saved Pictures/dancing rgb stickman.gif"},"sync":0,"versioned_id":"image_source","volume":1.0},{"balance":0.5,"deinterlace_field_order":0,"deinterlace_mode":0,"enabled":true,"flags":0,"hotkeys":{},"id":"image_source","mixers":0,"monitoring_type":0,"muted":false,"name":"Be Right Back V3","prev_ver":453115908,"private_settings":{},"push-to-mute":false,"push-to-mute-delay":0,"push-to-talk":false,"push-to-talk-delay":0,"settings":{"file":"C:/Users/12037/OneDrive/Pictures/Video images/UBSL Overlays V3/UBSL_BeRightBackV3.png"},"sync":0,"versioned_id":"image_source","volume":1.0},{"balance":0.5,"deinterlace_field_order":0,"deinterlace_mode":0,"enabled":true,"flags":0,"hotkeys":{"OBSBasic.SelectScene":[],"libobs.hide_scene_item.Be Right Back Background Gameplay":[],"libobs.hide_scene_item.Be Right Back V3":[],"libobs.hide_scene_item.Player Name 1":[],"libobs.hide_scene_item.Player Name 2":[],"libobs.hide_scene_item.Score 1":[],"libobs.hide_scene_item.Score 2":[],"libobs.hide_scene_item.THE STICKMAN":[],"libobs.hide_scene_item.THE STICKMAN 2":[],"libobs.show_scene_item.Be Right Back Background Gameplay":[],"libobs.show_scene_item.Be Right Back V3":[],"libobs.show_scene_item.Player Name 1":[],"libobs.show_scene_item.Player Name 2":[],"libobs.show_scene_item.Score 1":[],"libobs.show_scene_item.Score 2":[],"libobs.show_scene_item.THE STICKMAN":[],"libobs.show_scene_item.THE STICKMAN 2":[]},"id":"scene","mixers":0,"monitoring_type":0,"muted":false,"name":"BRB UBSL","prev_ver":453115908,"private_settings":{},"push-to-mute":false,"push-to-mute-delay":0,"push-to-talk":false,"push-to-talk-delay":0,"settings":{"custom_size":false,"id_counter":12,"items":[{"align":5,"blend_type":"normal","bounds":{"x":0.0,"y":0.0},"bounds_align":0,"bounds_type":0,"crop_bottom":0,"crop_left":0,"crop_right":0,"crop_top":0,"group_item_backup":false,"hide_transition":{"duration":0},"id":11,"locked":false,"name":"Be Right Back Background Gameplay","pos":{"x":0.0,"y":0.0},"private_settings":{},"rot":0.0,"scale":{"x":0.75,"y":0.75},"scale_filter":"disable","show_transition":{"duration":0},"visible":true},{"align":5,"blend_type":"normal","bounds":{"x":0.0,"y":0.0},"bounds_align":0,"bounds_type":0,"crop_bottom":0,"crop_left":0,"crop_right":0,"crop_top":0,"group_item_backup":false,"hide_transition":{"duration":0},"id":1,"locked":false,"name":"Be Right Back V3","pos":{"x":0.0,"y":0.0},"private_settings":{},"rot":0.0,"scale":{"x":0.75,"y":0.75},"scale_filter":"disable","show_transition":{"duration":0},"visible":true},{"align":5,"blend_type":"normal","bounds":{"x":0.0,"y":0.0},"bounds_align":0,"bounds_type":0,"crop_bottom":0,"crop_left":0,"crop_right":0,"crop_top":0,"group_item_backup":false,"hide_transition":{"duration":0},"id":2,"locked":false,"name":"Score 1","pos":{"x":584.0,"y":962.0},"private_settings":{},"rot":0.0,"scale":{"x":0.32051283121109009,"y":0.3203125},"scale_filter":"disable","show_transition":{"duration":0},"visible":true},{"align":5,"blend_type":"normal","bounds":{"x":0.0,"y":0.0},"bounds_align":0,"bounds_type":0,"crop_bottom":0,"crop_left":0,"crop_right":0,"crop_top":0,"group_item_backup":false,"hide_transition":{"duration":0},"id":3,"locked":false,"name":"Score 2","pos":{"x":1296.0,"y":964.0},"private_settings":{},"rot":0.0,"scale":{"x":0.29081633687019348,"y":0.29296875},"scale_filter":"disable","show_transition":{"duration":0},"visible":true},{"align":5,"blend_type":"normal","bounds":{"x":0.0,"y":0.0},"bounds_align":0,"bounds_type":0,"crop_bottom":0,"crop_left":0,"crop_right":0,"crop_top":0,"group_item_backup":false,"hide_transition":{"duration":0},"id":4,"locked":false,"name":"Player Name 1","pos":{"x":92.0,"y":963.0},"private_settings":{},"rot":0.0,"scale":{"x":0.2976190447807312,"y":0.296875},"scale_filter":"disable","show_transition":{"duration":0},"visible":true},{"align":5,"blend_type":"normal","bounds":{"x":0.0,"y":0.0},"bounds_align":0,"bounds_type":0,"crop_bottom":0,"crop_left":0,"crop_right":0,"crop_top":0,"group_item_backup":false,"hide_transition":{"duration":0},"id":5,"locked":false,"name":"Player Name 2","pos":{"x":1484.0,"y":963.0},"private_settings":{},"rot":0.0,"scale":{"x":0.29667720198631287,"y":0.296875},"scale_filter":"disable","show_transition":{"duration":0},"visible":true},{"align":5,"blend_type":"normal","bounds":{"x":0.0,"y":0.0},"bounds_align":0,"bounds_type":0,"crop_bottom":0,"crop_left":0,"crop_right":0,"crop_top":0,"group_item_backup":false,"hide_transition":{"duration":0},"id":8,"locked":false,"name":"THE STICKMAN","pos":{"x":746.0,"y":939.0},"private_settings":{},"rot":0.0,"scale":{"x":0.49599999189376831,"y":0.49599999189376831},"scale_filter":"disable","show_transition":{"duration":0},"visible":true},{"align":5,"blend_type":"normal","bounds":{"x":0.0,"y":0.0},"bounds_align":0,"bounds_type":0,"crop_bottom":0,"crop_left":0,"crop_right":0,"crop_top":0,"group_item_backup":false,"hide_transition":{"duration":0},"id":9,"locked":false,"name":"THE STICKMAN 2","pos":{"x":1097.0,"y":939.0},"private_settings":{},"rot":0.0,"scale":{"x":0.49599999189376831,"y":0.49599999189376831},"scale_filter":"disable","show_transition":{"duration":0},"visible":true}]},"sync":0,"versioned_id":"scene","volume":1.0},{"balance":0.5,"deinterlace_field_order":0,"deinterlace_mode":0,"enabled":true,"flags":0,"hotkeys":{},"id":"window_capture","mixers":0,"monitoring_type":0,"muted":false,"name":"Window Capture 3","prev_ver":453115908,"private_settings":{},"push-to-mute":false,"push-to-mute-delay":0,"push-to-talk":false,"push-to-talk-delay":0,"settings":{"window":"competitor-match-times - Discord:Chrome_WidgetWin_1:Discord.exe"},"sync":0,"versioned_id":"window_capture","volume":1.0},{"balance":0.5,"deinterlace_field_order":0,"deinterlace_mode":0,"enabled":true,"flags":0,"hotkeys":{},"id":"image_source","mixers":0,"monitoring_type":0,"muted":false,"name":"Image 2","prev_ver":453115908,"private_settings":{},"push-to-mute":false,"push-to-mute-delay":0,"push-to-talk":false,"push-to-talk-delay":0,"settings":{"file":""},"sync":0,"versioned_id":"image_source","volume":1.0},{"balance":0.5,"deinterlace_field_order":0,"deinterlace_mode":0,"enabled":true,"flags":0,"hotkeys":{"OBSBasic.SelectScene":[],"libobs.hide_scene_item.Image 2":[],"libobs.hide_scene_item.Window Capture 3":[],"libobs.show_scene_item.Image 2":[],"libobs.show_scene_item.Window Capture 3":[]},"id":"scene","mixers":0,"monitoring_type":0,"muted":false,"name":"Interview UBSL","prev_ver":453115908,"private_settings":{"transition":"Fade"},"push-to-mute":false,"push-to-mute-delay":0,"push-to-talk":false,"push-to-talk-delay":0,"settings":{"custom_size":false,"id_counter":2,"items":[{"align":5,"blend_type":"normal","bounds":{"x":0.0,"y":0.0},"bounds_align":0,"bounds_type":0,"crop_bottom":0,"crop_left":0,"crop_right":0,"crop_top":0,"group_item_backup":false,"hide_transition":{"duration":0},"id":1,"locked":false,"name":"Image 2","pos":{"x":0.0,"y":0.0},"private_settings":{},"rot":0.0,"scale":{"x":1.0,"y":1.0},"scale_filter":"disable","show_transition":{"duration":0},"visible":true},{"align":5,"blend_type":"normal","bounds":{"x":0.0,"y":0.0},"bounds_align":0,"bounds_type":0,"crop_bottom":0,"crop_left":0,"crop_right":0,"crop_top":0,"group_item_backup":false,"hide_transition":{"duration":0},"id":2,"locked":false,"name":"Window Capture 3","pos":{"x":0.0,"y":0.0},"private_settings":{},"rot":0.0,"scale":{"x":1.0,"y":1.0},"scale_filter":"disable","show_transition":{"duration":0},"visible":true}]},"sync":0,"versioned_id":"scene","volume":1.0},{"balance":0.5,"deinterlace_field_order":0,"deinterlace_mode":0,"enabled":true,"flags":0,"hotkeys":{"OBSBasic.SelectScene":[],"libobs.hide_scene_item.Player Name 1":[],"libobs.hide_scene_item.Player Name 2":[],"libobs.hide_scene_item.Score 1":[],"libobs.hide_scene_item.Score 2":[],"libobs.hide_scene_item.Stream Ending Background Gameplay":[],"libobs.hide_scene_item.Stream Ending V3":[],"libobs.show_scene_item.Player Name 1":[],"libobs.show_scene_item.Player Name 2":[],"libobs.show_scene_item.Score 1":[],"libobs.show_scene_item.Score 2":[],"libobs.show_scene_item.Stream Ending Background Gameplay":[],"libobs.show_scene_item.Stream Ending V3":[]},"id":"scene","mixers":0,"monitoring_type":0,"muted":false,"name":"Stream Ending UBSL","prev_ver":453115908,"private_settings":{"transition":"Fade"},"push-to-mute":false,"push-to-mute-delay":0,"push-to-talk":false,"push-to-talk-delay":0,"settings":{"custom_size":false,"id_counter":13,"items":[{"align":5,"blend_type":"normal","bounds":{"x":0.0,"y":0.0},"bounds_align":0,"bounds_type":0,"crop_bottom":0,"crop_left":0,"crop_right":0,"crop_top":0,"group_item_backup":false,"hide_transition":{"duration":0},"id":9,"locked":false,"name":"Stream Ending Background Gameplay","pos":{"x":0.0,"y":0.0},"private_settings":{},"rot":0.0,"scale":{"x":0.75,"y":0.75},"scale_filter":"disable","show_transition":{"duration":0},"visible":true},{"align":5,"blend_type":"normal","bounds":{"x":0.0,"y":0.0},"bounds_align":0,"bounds_type":0,"crop_bottom":0,"crop_left":0,"crop_right":0,"crop_top":0,"group_item_backup":false,"hide_transition":{"duration":0},"id":8,"locked":false,"name":"Stream Ending V3","pos":{"x":0.0,"y":0.0},"private_settings":{},"rot":0.0,"scale":{"x":0.75,"y":0.75},"scale_filter":"disable","show_transition":{"duration":0},"visible":true},{"align":5,"blend_type":"normal","bounds":{"x":0.0,"y":0.0},"bounds_align":0,"bounds_type":0,"crop_bottom":0,"crop_left":0,"crop_right":0,"crop_top":0,"group_item_backup":false,"hide_transition":{"duration":0},"id":10,"locked":false,"name":"Player Name 1","pos":{"x":105.0,"y":969.0},"private_settings":{},"rot":0.0,"scale":{"x":0.27728873491287231,"y":0.27734375},"scale_filter":"disable","show_transition":{"duration":0},"visible":true},{"align":5,"blend_type":"normal","bounds":{"x":0.0,"y":0.0},"bounds_align":0,"bounds_type":0,"crop_bottom":0,"crop_left":0,"crop_right":0,"crop_top":0,"group_item_backup":false,"hide_transition":{"duration":0},"id":11,"locked":false,"name":"Player Name 2","pos":{"x":1498.0,"y":968.0},"private_settings":{},"rot":0.0,"scale":{"x":0.27350428700447083,"y":0.2734375},"scale_filter":"disable","show_transition":{"duration":0},"visible":true},{"align":5,"blend_type":"normal","bounds":{"x":0.0,"y":0.0},"bounds_align":0,"bounds_type":0,"crop_bottom":0,"crop_left":0,"crop_right":0,"crop_top":0,"group_item_backup":false,"hide_transition":{"duration":0},"id":12,"locked":false,"name":"Score 1","pos":{"x":583.0,"y":964.0},"private_settings":{},"rot":0.0,"scale":{"x":0.32653060555458069,"y":0.32421875},"scale_filter":"disable","show_transition":{"duration":0},"visible":true},{"align":5,"blend_type":"normal","bounds":{"x":0.0,"y":0.0},"bounds_align":0,"bounds_type":0,"crop_bottom":0,"crop_left":0,"crop_right":0,"crop_top":0,"group_item_backup":false,"hide_transition":{"duration":0},"id":13,"locked":false,"name":"Score 2","pos":{"x":1295.0,"y":963.0},"private_settings":{},"rot":0.0,"scale":{"x":0.31632652878761292,"y":0.31640625},"scale_filter":"disable","show_transition":{"duration":0},"visible":true}]},"sync":0,"versioned_id":"scene","volume":1.0},{"balance":0.5,"deinterlace_field_order":0,"deinterlace_mode":0,"enabled":true,"flags":0,"hotkeys":{},"id":"text_gdiplus","mixers":0,"monitoring_type":0,"muted":false,"name":"Name 2 match 2","prev_ver":453115908,"private_settings":{},"push-to-mute":false,"push-to-mute-delay":0,"push-to-talk":false,"push-to-talk-delay":0,"settings":{"font":{"face":"Gotham Thin","flags":0,"size":256,"style":"Regular"},"text":"Brutus"},"sync":0,"versioned_id":"text_gdiplus_v2","volume":1.0},{"balance":0.5,"deinterlace_field_order":0,"deinterlace_mode":0,"enabled":true,"flags":0,"hotkeys":{},"id":"text_gdiplus","mixers":0,"monitoring_type":0,"muted":false,"name":"Name 1 match 2","prev_ver":453115908,"private_settings":{},"push-to-mute":false,"push-to-mute-delay":0,"push-to-talk":false,"push-to-talk-delay":0,"settings":{"font":{"face":"Gotham Thin","flags":0,"size":256,"style":"Regular"},"text":"Nuttiez"},"sync":0,"versioned_id":"text_gdiplus_v2","volume":1.0},{"balance":0.5,"deinterlace_field_order":0,"deinterlace_mode":0,"enabled":true,"flags":0,"hotkeys":{},"id":"image_source","mixers":0,"monitoring_type":0,"muted":false,"name":"background","prev_ver":453115908,"private_settings":{},"push-to-mute":false,"push-to-mute-delay":0,"push-to-talk":false,"push-to-talk-delay":0,"settings":{"file":"C:/Users/12037/OneDrive/Pictures/Video images/UBSL Overlays V2/UBSL_WarmUp.png"},"sync":0,"versioned_id":"image_source","volume":1.0},{"balance":0.5,"deinterlace_field_order":0,"deinterlace_mode":0,"enabled":true,"flags":0,"hotkeys":{"OBSBasic.SelectScene":[],"libobs.hide_scene_item.Gameplay 1 Warmup":[],"libobs.hide_scene_item.Gameplay 2 Warmup":[],"libobs.hide_scene_item.Name 1 match 2":[],"libobs.hide_scene_item.Name 2 match 2":[],"libobs.hide_scene_item.background":[],"libobs.show_scene_item.Gameplay 1 Warmup":[],"libobs.show_scene_item.Gameplay 2 Warmup":[],"libobs.show_scene_item.Name 1 match 2":[],"libobs.show_scene_item.Name 2 match 2":[],"libobs.show_scene_item.background":[]},"id":"scene","mixers":0,"monitoring_type":0,"muted":false,"name":"Warmup UBSL","prev_ver":453115908,"private_settings":{"transition":"Fade"},"push-to-mute":false,"push-to-mute-delay":0,"push-to-talk":false,"push-to-talk-delay":0,"settings":{"custom_size":false,"id_counter":8,"items":[{"align":5,"blend_type":"normal","bounds":{"x":0.0,"y":0.0},"bounds_align":0,"bounds_type":0,"crop_bottom":0,"crop_left":0,"crop_right":0,"crop_top":0,"group_item_backup":false,"hide_transition":{"duration":0},"id":1,"locked":false,"name":"background","pos":{"x":0.0,"y":0.0},"private_settings":{},"rot":0.0,"scale":{"x":1.0,"y":1.0},"scale_filter":"disable","show_transition":{"duration":0},"visible":true},{"align":5,"blend_type":"normal","bounds":{"x":0.0,"y":0.0},"bounds_align":0,"bounds_type":0,"crop_bottom":0,"crop_left":0,"crop_right":0,"crop_top":0,"group_item_backup":false,"hide_transition":{"duration":0},"id":4,"locked":false,"name":"Name 1 match 2","pos":{"x":328.0,"y":837.0},"private_settings":{},"rot":0.0,"scale":{"x":0.33800351619720459,"y":0.33712121844291687},"scale_filter":"disable","show_transition":{"duration":0},"visible":true},{"align":5,"blend_type":"normal","bounds":{"x":0.0,"y":0.0},"bounds_align":0,"bounds_type":0,"crop_bottom":0,"crop_left":0,"crop_right":0,"crop_top":0,"group_item_backup":false,"hide_transition":{"duration":0},"id":5,"locked":false,"name":"Name 2 match 2","pos":{"x":1298.0,"y":841.0},"private_settings":{},"rot":0.0,"scale":{"x":0.31985941529273987,"y":0.31818181276321411},"scale_filter":"disable","show_transition":{"duration":0},"visible":true},{"align":5,"blend_type":"normal","bounds":{"x":0.0,"y":0.0},"bounds_align":0,"bounds_type":0,"crop_bottom":211,"crop_left":989,"crop_right":42,"crop_top":308,"group_item_backup":false,"hide_transition":{"duration":0},"id":7,"locked":false,"name":"Gameplay 1 Warmup","pos":{"x":62.0,"y":166.0},"private_settings":{},"rot":0.0,"scale":{"x":0.97637796401977539,"y":0.97736626863479614},"scale_filter":"disable","show_transition":{"duration":0},"visible":true},{"align":5,"blend_type":"normal","bounds":{"x":0.0,"y":0.0},"bounds_align":0,"bounds_type":0,"crop_bottom":210,"crop_left":47,"crop_right":940,"crop_top":310,"group_item_backup":false,"hide_transition":{"duration":0},"id":8,"locked":false,"name":"Gameplay 2 Warmup","pos":{"x":958.0,"y":166.0},"private_settings":{},"rot":0.0,"scale":{"x":0.97642016410827637,"y":0.97692304849624634},"scale_filter":"disable","show_transition":{"duration":0},"visible":true}]},"sync":0,"versioned_id":"scene","volume":1.0},{"balance":0.5,"deinterlace_field_order":0,"deinterlace_mode":0,"enabled":true,"flags":0,"hotkeys":{"OBSBasic.SelectScene":[],"libobs.hide_scene_item.Starting Soon Background Gameplay":[],"libobs.hide_scene_item.Starting Soon V3":[],"libobs.show_scene_item.Starting Soon Background Gameplay":[],"libobs.show_scene_item.Starting Soon V3":[]},"id":"scene","mixers":0,"monitoring_type":0,"muted":false,"name":"Starting Soon UBSL","prev_ver":453115908,"private_settings":{"transition":"Fade"},"push-to-mute":false,"push-to-mute-delay":0,"push-to-talk":false,"push-to-talk-delay":0,"settings":{"custom_size":false,"id_counter":4,"items":[{"align":5,"blend_type":"normal","bounds":{"x":0.0,"y":0.0},"bounds_align":0,"bounds_type":0,"crop_bottom":0,"crop_left":0,"crop_right":0,"crop_top":0,"group_item_backup":false,"hide_transition":{"duration":0},"id":4,"locked":false,"name":"Starting Soon Background Gameplay","pos":{"x":0.0,"y":0.0},"private_settings":{},"rot":0.0,"scale":{"x":0.75,"y":0.75},"scale_filter":"disable","show_transition":{"duration":0},"visible":true},{"align":5,"blend_type":"normal","bounds":{"x":0.0,"y":0.0},"bounds_align":0,"bounds_type":0,"crop_bottom":0,"crop_left":0,"crop_right":0,"crop_top":0,"group_item_backup":false,"hide_transition":{"duration":0},"id":3,"locked":false,"name":"Starting Soon V3","pos":{"x":0.0,"y":0.0},"private_settings":{},"rot":0.0,"scale":{"x":0.75,"y":0.75},"scale_filter":"disable","show_transition":{"duration":0},"visible":true}]},"sync":0,"versioned_id":"scene","volume":1.0},{"balance":0.5,"deinterlace_field_order":0,"deinterlace_mode":0,"enabled":true,"flags":0,"hotkeys":{},"id":"text_gdiplus","mixers":0,"monitoring_type":0,"muted":false,"name":"Player 2","prev_ver":453115908,"private_settings":{},"push-to-mute":false,"push-to-mute-delay":0,"push-to-talk":false,"push-to-talk-delay":0,"settings":{"font":{"face":"BIZ UDPゴシック","flags":0,"size":256,"style":"Regular"},"text":"Player 2"},"sync":0,"versioned_id":"text_gdiplus_v2","volume":1.0},{"balance":0.5,"deinterlace_field_order":0,"deinterlace_mode":0,"enabled":true,"flags":0,"hotkeys":{},"id":"text_gdiplus","mixers":0,"monitoring_type":0,"muted":false,"name":"Player 1","prev_ver":453115908,"private_settings":{},"push-to-mute":false,"push-to-mute-delay":0,"push-to-talk":false,"push-to-talk-delay":0,"settings":{"font":{"face":"BIZ UDPゴシック","flags":0,"size":256,"style":"Regular"},"text":"Player 1"},"sync":0,"versioned_id":"text_gdiplus_v2","volume":1.0},{"balance":0.5,"deinterlace_field_order":0,"deinterlace_mode":0,"enabled":true,"flags":0,"hotkeys":{"OBSBasic.SelectScene":[],"libobs.hide_scene_item.Discord Overlay":[],"libobs.hide_scene_item.Mapper":[],"libobs.hide_scene_item.Match Gameplay 1":[],"libobs.hide_scene_item.Match Gameplay 2":[],"libobs.hide_scene_item.Player 1":[],"libobs.hide_scene_item.Player 2":[],"libobs.hide_scene_item.Song Author":[],"libobs.hide_scene_item.Song Name":[],"libobs.hide_scene_item.UBSL Match V3":[],"libobs.show_scene_item.Discord Overlay":[],"libobs.show_scene_item.Mapper":[],"libobs.show_scene_item.Match Gameplay 1":[],"libobs.show_scene_item.Match Gameplay 2":[],"libobs.show_scene_item.Player 1":[],"libobs.show_scene_item.Player 2":[],"libobs.show_scene_item.Song Author":[],"libobs.show_scene_item.Song Name":[],"libobs.show_scene_item.UBSL Match V3":[]},"id":"scene","mixers":0,"monitoring_type":0,"muted":false,"name":"Match UBSL","prev_ver":453115908,"private_settings":{"transition":"Fade"},"push-to-mute":false,"push-to-mute-delay":0,"push-to-talk":false,"push-to-talk-delay":0,"settings":{"custom_size":false,"id_counter":21,"items":[{"align":5,"blend_type":"normal","bounds":{"x":0.0,"y":0.0},"bounds_align":0,"bounds_type":0,"crop_bottom":0,"crop_left":0,"crop_right":0,"crop_top":0,"group_item_backup":false,"hide_transition":{"duration":0},"id":16,"locked":false,"name":"UBSL Match V3","pos":{"x":0.0,"y":0.0},"private_settings":{},"rot":0.0,"scale":{"x":0.75,"y":0.75},"scale_filter":"disable","show_transition":{"duration":0},"visible":true},{"align":5,"blend_type":"normal","bounds":{"x":0.0,"y":0.0},"bounds_align":0,"bounds_type":0,"crop_bottom":0,"crop_left":0,"crop_right":0,"crop_top":0,"group_item_backup":false,"hide_transition":{"duration":0},"id":4,"locked":false,"name":"Player 1","pos":{"x":201.0,"y":60.0},"private_settings":{},"rot":0.0,"scale":{"x":0.25119048357009888,"y":0.25},"scale_filter":"disable","show_transition":{"duration":0},"visible":true},{"align":5,"blend_type":"normal","bounds":{"x":0.0,"y":0.0},"bounds_align":0,"bounds_type":0,"crop_bottom":0,"crop_left":0,"crop_right":0,"crop_top":0,"group_item_backup":false,"hide_transition":{"duration":0},"id":5,"locked":false,"name":"Player 2","pos":{"x":1415.0,"y":58.0},"private_settings":{},"rot":0.0,"scale":{"x":0.2658119797706604,"y":0.265625},"scale_filter":"disable","show_transition":{"duration":0},"visible":true},{"align":5,"blend_type":"normal","bounds":{"x":0.0,"y":0.0},"bounds_align":0,"bounds_type":0,"crop_bottom":208,"crop_left":48,"crop_right":938,"crop_top":312,"group_item_backup":false,"hide_transition":{"duration":0},"id":15,"locked":false,"name":"Match Gameplay 1","pos":{"x":52.0,"y":186.0},"private_settings":{},"rot":0.0,"scale":{"x":0.97323340177536011,"y":0.97333335876464844},"scale_filter":"disable","show_transition":{"duration":0},"visible":true},{"align":5,"blend_type":"normal","bounds":{"x":0.0,"y":0.0},"bounds_align":0,"bounds_type":0,"crop_bottom":209,"crop_left":981,"crop_right":10,"crop_top":308,"group_item_backup":false,"hide_transition":{"duration":0},"id":17,"locked":false,"name":"Match Gameplay 2","pos":{"x":965.0,"y":183.0},"private_settings":{},"rot":0.0,"scale":{"x":0.9763185977935791,"y":0.97705543041229248},"scale_filter":"disable","show_transition":{"duration":0},"visible":true},{"align":5,"blend_type":"normal","bounds":{"x":0.0,"y":0.0},"bounds_align":0,"bounds_type":0,"crop_bottom":0,"crop_left":0,"crop_right":0,"crop_top":0,"group_item_backup":false,"hide_transition":{"duration":0},"id":18,"locked":false,"name":"Discord Overlay","pos":{"x":180.0,"y":765.0},"private_settings":{},"rot":0.0,"scale":{"x":1.0449999570846558,"y":1.0449999570846558},"scale_filter":"disable","show_transition":{"duration":0},"visible":true},{"align":5,"blend_type":"normal","bounds":{"x":0.0,"y":0.0},"bounds_align":0,"bounds_type":0,"crop_bottom":0,"crop_left":0,"crop_right":0,"crop_top":0,"group_item_backup":false,"hide_transition":{"duration":0},"id":19,"locked":false,"name":"Song Name","pos":{"x":1294.0,"y":774.0},"private_settings":{},"rot":0.0,"scale":{"x":0.18732394278049469,"y":0.1875},"scale_filter":"disable","show_transition":{"duration":0},"visible":true},{"align":5,"blend_type":"normal","bounds":{"x":0.0,"y":0.0},"bounds_align":0,"bounds_type":0,"crop_bottom":0,"crop_left":0,"crop_right":0,"crop_top":0,"group_item_backup":false,"hide_transition":{"duration":0},"id":20,"locked":false,"name":"Song Author","pos":{"x":1340.0,"y":831.0},"private_settings":{},"rot":0.0,"scale":{"x":0.12999999523162842,"y":0.12890625},"scale_filter":"disable","show_transition":{"duration":0},"visible":true},{"align":5,"blend_type":"normal","bounds":{"x":0.0,"y":0.0},"bounds_align":0,"bounds_type":0,"crop_bottom":0,"crop_left":0,"crop_right":0,"crop_top":0,"group_item_backup":false,"hide_transition":{"duration":0},"id":21,"locked":false,"name":"Mapper","pos":{"x":1239.0,"y":892.0},"private_settings":{},"rot":0.0,"scale":{"x":0.17586490511894226,"y":0.17578125},"scale_filter":"disable","show_transition":{"duration":0},"visible":true}]},"sync":0,"versioned_id":"scene","volume":1.0},{"balance":0.5,"deinterlace_field_order":0,"deinterlace_mode":0,"enabled":true,"flags":0,"hotkeys":{"OBSBasic.SelectScene":[],"libobs.hide_scene_item.Best of...":[],"libobs.hide_scene_item.Discord Overlay":[],"libobs.hide_scene_item.Intermission Gameplay 1":[],"libobs.hide_scene_item.Intermission Gameplay 2":[],"libobs.hide_scene_item.Intermission V3":[],"libobs.hide_scene_item.Match Flow":[],"libobs.hide_scene_item.Player 1":[],"libobs.hide_scene_item.Player 2":[],"libobs.show_scene_item.Best of...":[],"libobs.show_scene_item.Discord Overlay":[],"libobs.show_scene_item.Intermission Gameplay 1":[],"libobs.show_scene_item.Intermission Gameplay 2":[],"libobs.show_scene_item.Intermission V3":[],"libobs.show_scene_item.Match Flow":[],"libobs.show_scene_item.Player 1":[],"libobs.show_scene_item.Player 2":[]},"id":"scene","mixers":0,"monitoring_type":0,"muted":false,"name":"Intermission UBSL","prev_ver":453115908,"private_settings":{"transition":"Fade"},"push-to-mute":false,"push-to-mute-delay":0,"push-to-talk":false,"push-to-talk-delay":0,"settings":{"custom_size":false,"id_counter":19,"items":[{"align":5,"blend_type":"normal","bounds":{"x":0.0,"y":0.0},"bounds_align":0,"bounds_type":0,"crop_bottom":0,"crop_left":0,"crop_right":0,"crop_top":0,"group_item_backup":false,"hide_transition":{"duration":0},"id":12,"locked":false,"name":"Intermission V3","pos":{"x":0.0,"y":0.0},"private_settings":{},"rot":0.0,"scale":{"x":0.75,"y":0.75},"scale_filter":"disable","show_transition":{"duration":0},"visible":true},{"align":5,"blend_type":"normal","bounds":{"x":0.0,"y":0.0},"bounds_align":0,"bounds_type":0,"crop_bottom":210,"crop_left":49,"crop_right":939,"crop_top":308,"group_item_backup":false,"hide_transition":{"duration":0},"id":13,"locked":false,"name":"Intermission Gameplay 1","pos":{"x":56.0,"y":46.0},"private_settings":{},"rot":0.0,"scale":{"x":0.97424894571304321,"y":0.97509580850601196},"scale_filter":"disable","show_transition":{"duration":0},"visible":true},{"align":5,"blend_type":"normal","bounds":{"x":0.0,"y":0.0},"bounds_align":0,"bounds_type":0,"crop_bottom":209,"crop_left":980,"crop_right":10,"crop_top":311,"group_item_backup":false,"hide_transition":{"duration":0},"id":14,"locked":false,"name":"Intermission Gameplay 2","pos":{"x":966.0,"y":47.0},"private_settings":{},"rot":0.0,"scale":{"x":0.97849464416503906,"y":0.97884613275527954},"scale_filter":"disable","show_transition":{"duration":0},"visible":true},{"align":5,"blend_type":"normal","bounds":{"x":0.0,"y":0.0},"bounds_align":0,"bounds_type":0,"crop_bottom":0,"crop_left":0,"crop_right":0,"crop_top":0,"group_item_backup":false,"hide_transition":{"duration":0},"id":15,"locked":false,"name":"Player 1","pos":{"x":208.0,"y":595.0},"private_settings":{},"rot":0.0,"scale":{"x":0.22535210847854614,"y":0.2265625},"scale_filter":"disable","show_transition":{"duration":0},"visible":true},{"align":5,"blend_type":"normal","bounds":{"x":0.0,"y":0.0},"bounds_align":0,"bounds_type":0,"crop_bottom":0,"crop_left":0,"crop_right":0,"crop_top":0,"group_item_backup":false,"hide_transition":{"duration":0},"id":16,"locked":false,"name":"Player 2","pos":{"x":1463.0,"y":593.0},"private_settings":{},"rot":0.0,"scale":{"x":0.23076923191547394,"y":0.23046875},"scale_filter":"disable","show_transition":{"duration":0},"visible":true},{"align":5,"blend_type":"normal","bounds":{"x":0.0,"y":0.0},"bounds_align":0,"bounds_type":0,"crop_bottom":0,"crop_left":0,"crop_right":0,"crop_top":0,"group_item_backup":false,"hide_transition":{"duration":0},"id":17,"locked":false,"name":"Discord Overlay","pos":{"x":68.0,"y":736.0},"private_settings":{},"rot":0.0,"scale":{"x":1.0,"y":1.0},"scale_filter":"disable","show_transition":{"duration":0},"visible":true},{"align":5,"blend_type":"normal","bounds":{"x":0.0,"y":0.0},"bounds_align":0,"bounds_type":0,"crop_bottom":0,"crop_left":0,"crop_right":0,"crop_top":0,"group_item_backup":false,"hide_transition":{"duration":0},"id":18,"locked":false,"name":"Match Flow","pos":{"x":1468.0,"y":752.0},"private_settings":{},"rot":0.0,"scale":{"x":0.25114154815673828,"y":0.25},"scale_filter":"disable","show_transition":{"duration":0},"visible":true},{"align":5,"blend_type":"normal","bounds":{"x":0.0,"y":0.0},"bounds_align":0,"bounds_type":0,"crop_bottom":0,"crop_left":0,"crop_right":0,"crop_top":0,"group_item_backup":false,"hide_transition":{"duration":0},"id":19,"locked":false,"name":"Best of...","pos":{"x":1549.0,"y":834.0},"private_settings":{},"rot":0.0,"scale":{"x":0.55612242221832275,"y":0.5546875},"scale_filter":"disable","show_transition":{"duration":0},"visible":true}]},"sync":0,"versioned_id":"scene","volume":1.0},{"balance":0.5,"deinterlace_field_order":0,"deinterlace_mode":0,"enabled":true,"flags":0,"hotkeys":{},"id":"text_gdiplus","mixers":0,"monitoring_type":0,"muted":false,"name":"no speaking","prev_ver":453115908,"private_settings":{},"push-to-mute":false,"push-to-mute-delay":0,"push-to-talk":false,"push-to-talk-delay":0,"settings":{"font":{"face":"Bahnschrift Condensed","flags":0,"size":256,"style":"Condensed"},"text":"Not talking today, so enjoy the gameplay"},"sync":0,"versioned_id":"text_gdiplus_v2","volume":1.0},{"balance":0.5,"deinterlace_field_order":0,"deinterlace_mode":0,"enabled":true,"flags":0,"hotkeys":{"OBSBasic.SelectScene":[],"libobs.hide_scene_item.BRB":[],"libobs.hide_scene_item.BS Overlay":[],"libobs.hide_scene_item.Display Capture":[],"libobs.hide_scene_item.Game Capture":[],"libobs.hide_scene_item.Video Capture Device":[],"libobs.hide_scene_item.Window Capture":[],"libobs.hide_scene_item.no speaking":[],"libobs.show_scene_item.BRB":[],"libobs.show_scene_item.BS Overlay":[],"libobs.show_scene_item.Display Capture":[],"libobs.show_scene_item.Game Capture":[],"libobs.show_scene_item.Video Capture Device":[],"libobs.show_scene_item.Window Capture":[],"libobs.show_scene_item.no speaking":[]},"id":"scene","mixers":0,"monitoring_type":0,"muted":false,"name":"Scene","prev_ver":453115908,"private_settings":{},"push-to-mute":false,"push-to-mute-delay":0,"push-to-talk":false,"push-to-talk-delay":0,"settings":{"custom_size":false,"id_counter":14,"items":[{"align":5,"blend_type":"normal","bounds":{"x":1920.0,"y":1080.0},"bounds_align":0,"bounds_type":2,"crop_bottom":0,"crop_left":0,"crop_right":0,"crop_top":0,"group_item_backup":false,"hide_transition":{"duration":0},"id":1,"locked":false,"name":"Display Capture","pos":{"x":0.0,"y":0.0},"private_settings":{},"rot":0.0,"scale":{"x":1.0,"y":1.0},"scale_filter":"disable","show_transition":{"duration":0},"visible":false},{"align":5,"blend_type":"normal","bounds":{"x":0.0,"y":0.0},"bounds_align":0,"bounds_type":0,"crop_bottom":0,"crop_left":0,"crop_right":0,"crop_top":0,"group_item_backup":false,"hide_transition":{"duration":0},"id":3,"locked":false,"name":"BRB","pos":{"x":66.0,"y":191.0},"private_settings":{},"rot":0.0,"scale":{"x":0.72016459703445435,"y":0.71969699859619141},"scale_filter":"disable","show_transition":{"duration":0},"visible":false},{"align":5,"blend_type":"normal","bounds":{"x":0.0,"y":0.0},"bounds_align":0,"bounds_type":0,"crop_bottom":0,"crop_left":0,"crop_right":0,"crop_top":0,"group_item_backup":false,"hide_transition":{"duration":0},"id":4,"locked":false,"name":"no speaking","pos":{"x":670.0,"y":84.0},"private_settings":{},"rot":0.0,"scale":{"x":0.20211267471313477,"y":0.203125},"scale_filter":"disable","show_transition":{"duration":0},"visible":false},{"align":5,"blend_type":"normal","bounds":{"x":0.0,"y":0.0},"bounds_align":0,"bounds_type":0,"crop_bottom":0,"crop_left":0,"crop_right":0,"crop_top":0,"group_item_backup":false,"hide_transition":{"duration":0},"id":5,"locked":false,"name":"Game Capture","pos":{"x":0.0,"y":0.0},"private_settings":{},"rot":0.0,"scale":{"x":1.0,"y":1.0},"scale_filter":"disable","show_transition":{"duration":0},"visible":true},{"align":5,"blend_type":"normal","bounds":{"x":0.0,"y":0.0},"bounds_align":0,"bounds_type":0,"crop_bottom":0,"crop_left":0,"crop_right":0,"crop_top":0,"group_item_backup":false,"hide_transition":{"duration":0},"id":8,"locked":false,"name":"Video Capture Device","pos":{"x":0.0,"y":0.0},"private_settings":{},"rot":0.0,"scale":{"x":0.26770833134651184,"y":0.26759257912635803},"scale_filter":"disable","show_transition":{"duration":0},"visible":false},{"align":5,"blend_type":"normal","bounds":{"x":0.0,"y":0.0},"bounds_align":0,"bounds_type":0,"crop_bottom":0,"crop_left":0,"crop_right":0,"crop_top":0,"group_item_backup":false,"hide_transition":{"duration":0},"id":13,"locked":false,"name":"BS Overlay","pos":{"x":0.0,"y":0.0},"private_settings":{},"rot":0.0,"scale":{"x":0.87374997138977051,"y":0.87333333492279053},"scale_filter":"disable","show_transition":{"duration":0},"visible":true},{"align":5,"blend_type":"normal","bounds":{"x":0.0,"y":0.0},"bounds_align":0,"bounds_type":0,"crop_bottom":0,"crop_left":0,"crop_right":0,"crop_top":0,"group_item_backup":false,"hide_transition":{"duration":0},"id":14,"locked":false,"name":"Window Capture","pos":{"x":0.0,"y":23.0},"private_settings":{},"rot":0.0,"scale":{"x":0.66666668653488159,"y":0.66666668653488159},"scale_filter":"disable","show_transition":{"duration":0},"visible":false}]},"sync":0,"versioned_id":"scene","volume":1.0},{"balance":0.5,"deinterlace_field_order":0,"deinterlace_mode":0,"enabled":true,"flags":0,"hotkeys":{},"id":"monitor_capture","mixers":0,"monitoring_type":0,"muted":false,"name":"Display Capture","prev_ver":453115908,"private_settings":{},"push-to-mute":false,"push-to-mute-delay":0,"push-to-talk":false,"push-to-talk-delay":0,"settings":{"monitor":0},"sync":0,"versioned_id":"monitor_capture","volume":1.0},{"balance":0.5,"deinterlace_field_order":0,"deinterlace_mode":0,"enabled":true,"flags":0,"hotkeys":{},"id":"text_gdiplus","mixers":0,"monitoring_type":0,"muted":false,"name":"BRB","prev_ver":453115908,"private_settings":{},"push-to-mute":false,"push-to-mute-delay":0,"push-to-talk":false,"push-to-talk-delay":0,"settings":{"color":4294967295,"text":"Starting Soon!"},"sync":0,"versioned_id":"text_gdiplus_v2","volume":1.0},{"balance":0.5,"deinterlace_field_order":0,"deinterlace_mode":0,"enabled":true,"flags":0,"hotkeys":{"hotkey_start":[],"hotkey_stop":[]},"id":"game_capture","mixers":0,"monitoring_type":0,"muted":false,"name":"Game Capture","prev_ver":453115908,"private_settings":{},"push-to-mute":false,"push-to-mute-delay":0,"push-to-talk":false,"push-to-talk-delay":0,"settings":{"capture_cursor":false,"capture_mode":"window","window":"Beat Saber:UnityWndClass:Beat Saber.exe"},"sync":0,"versioned_id":"game_capture","volume":1.0},{"balance":0.5,"deinterlace_field_order":0,"deinterlace_mode":0,"enabled":true,"flags":0,"hotkeys":{"libobs.mute":[],"libobs.push-to-mute":[],"libobs.push-to-talk":[],"libobs.unmute":[]},"id":"dshow_input","mixers":255,"monitoring_type":0,"muted":true,"name":"Video Capture Device","prev_ver":453115908,"private_settings":{},"push-to-mute":false,"push-to-mute-delay":0,"push-to-talk":false,"push-to-talk-delay":0,"settings":{"active":true,"audio_output_mode":0,"autorotation":true,"color_range":"default","color_space":"default","frame_interval":-1,"last_video_device_id":"HD Web Camera:\\\\?\\usb#22vid_05a3&pid_9331&mi_00#226&7c239da&0&0000#22{65e8773d-8f56-11d0-a3b9-00a0c9223196}\\global","res_type":0,"video_device_id":"HD Web Camera:\\\\?\\usb#22vid_05a3&pid_9331&mi_00#226&7c239da&0&0000#22{65e8773d-8f56-11d0-a3b9-00a0c9223196}\\global","video_format":0},"sync":0,"versioned_id":"dshow_input","volume":1.0},{"balance":0.5,"deinterlace_field_order":0,"deinterlace_mode":0,"enabled":true,"flags":0,"hotkeys":{},"id":"text_gdiplus","mixers":0,"monitoring_type":0,"muted":false,"name":"Score 1","prev_ver":453115908,"private_settings":{},"push-to-mute":false,"push-to-mute-delay":0,"push-to-talk":false,"push-to-talk-delay":0,"settings":{"color":16777215,"font":{"face":"BIZ UDPゴシック","flags":0,"size":256,"style":"Regular"},"text":"0"},"sync":0,"versioned_id":"text_gdiplus_v2","volume":1.0},{"balance":0.5,"deinterlace_field_order":0,"deinterlace_mode":0,"enabled":true,"flags":0,"hotkeys":{},"id":"text_gdiplus","mixers":0,"monitoring_type":0,"muted":false,"name":"Score 2","prev_ver":453115908,"private_settings":{},"push-to-mute":false,"push-to-mute-delay":0,"push-to-talk":false,"push-to-talk-delay":0,"settings":{"color":16777215,"font":{"face":"BIZ UDPゴシック","flags":0,"size":256,"style":"Regular"},"text":"0"},"sync":0,"versioned_id":"text_gdiplus_v2","volume":1.0},{"balance":0.5,"deinterlace_field_order":0,"deinterlace_mode":0,"enabled":true,"flags":0,"hotkeys":{},"id":"text_gdiplus","mixers":0,"monitoring_type":0,"muted":false,"name":"Player Name 1","prev_ver":453115908,"private_settings":{},"push-to-mute":false,"push-to-mute-delay":0,"push-to-talk":false,"push-to-talk-delay":0,"settings":{"font":{"face":"BIZ UDPゴシック","flags":0,"size":256,"style":"Regular"},"text":"Player 1"},"sync":0,"versioned_id":"text_gdiplus_v2","volume":1.0},{"balance":0.5,"deinterlace_field_order":0,"deinterlace_mode":0,"enabled":true,"flags":0,"hotkeys":{},"id":"text_gdiplus","mixers":0,"monitoring_type":0,"muted":false,"name":"Player Name 2","prev_ver":453115908,"private_settings":{},"push-to-mute":false,"push-to-mute-delay":0,"push-to-talk":false,"push-to-talk-delay":0,"settings":{"font":{"face":"BIZ UDPゴシック","flags":0,"size":256,"style":"Regular"},"text":"Player 2"},"sync":0,"versioned_id":"text_gdiplus_v2","volume":1.0},{"balance":0.5,"deinterlace_field_order":0,"deinterlace_mode":0,"enabled":true,"flags":0,"hotkeys":{"ObsBrowser.Refresh":[],"libobs.mute":[],"libobs.push-to-mute":[],"libobs.push-to-talk":[],"libobs.unmute":[]},"id":"browser_source","mixers":255,"monitoring_type":0,"muted":false,"name":"BS Overlay","prev_ver":453115908,"private_settings":{},"push-to-mute":false,"push-to-mute-delay":0,"push-to-talk":false,"push-to-talk-delay":0,"settings":{"url":"https://overlay.hyldrazolxy.fr?playerId=76561198390926781&scale=1.25"},"sync":0,"versioned_id":"browser_source","volume":1.0},{"balance":0.5,"deinterlace_field_order":0,"deinterlace_mode":0,"enabled":true,"flags":0,"hotkeys":{},"id":"window_capture","mixers":0,"monitoring_type":0,"muted":false,"name":"Window Capture","prev_ver":453115908,"private_settings":{},"push-to-mute":false,"push-to-mute-delay":0,"push-to-talk":false,"push-to-talk-delay":0,"settings":{"window":"Mediocre Map Assistant 2 - Keep It 99 - ExpertPlus:UnrealWindow:MediocreMapAssistant2-Win64-Shipping.exe"},"sync":0,"versioned_id":"window_capture","volume":1.0},{"balance":0.5,"deinterlace_field_order":0,"deinterlace_mode":0,"enabled":true,"flags":0,"hotkeys":{},"id":"image_source","mixers":0,"monitoring_type":0,"muted":false,"name":"Starting Soon V3","prev_ver":453115908,"private_settings":{},"push-to-mute":false,"push-to-mute-delay":0,"push-to-talk":false,"push-to-talk-delay":0,"settings":{"file":"C:/Users/12037/OneDrive/Pictures/Video images/UBSL Overlays V3/UBSL_StartingSoonV3.png"},"sync":0,"versioned_id":"image_source","volume":1.0},{"balance":0.5,"deinterlace_field_order":0,"deinterlace_mode":0,"enabled":true,"flags":0,"hotkeys":{"MediaSource.Pause":[],"MediaSource.Play":[],"MediaSource.Restart":[],"MediaSource.Stop":[],"libobs.mute":[],"libobs.push-to-mute":[],"libobs.push-to-talk":[],"libobs.unmute":[]},"id":"ffmpeg_source","mixers":255,"monitoring_type":0,"muted":true,"name":"Starting Soon Background Gameplay","prev_ver":453115908,"private_settings":{},"push-to-mute":false,"push-to-mute-delay":0,"push-to-talk":false,"push-to-talk-delay":0,"settings":{"local_file":"C:/Users/12037/Videos/Edited Videos/ubsl bg gameplay.wmv","looping":true},"sync":0,"versioned_id":"ffmpeg_source","volume":0.043686680495738983},{"balance":0.5,"deinterlace_field_order":0,"deinterlace_mode":0,"enabled":true,"flags":0,"hotkeys":{},"id":"image_source","mixers":0,"monitoring_type":0,"muted":false,"name":"Stream Ending V3","prev_ver":453115908,"private_settings":{},"push-to-mute":false,"push-to-mute-delay":0,"push-to-talk":false,"push-to-talk-delay":0,"settings":{"file":"C:/Users/12037/OneDrive/Pictures/Video images/UBSL Overlays V3/UBSL_StreamEndingV3.png"},"sync":0,"versioned_id":"image_source","volume":1.0},{"balance":0.5,"deinterlace_field_order":0,"deinterlace_mode":0,"enabled":true,"flags":0,"hotkeys":{"MediaSource.Pause":[],"MediaSource.Play":[],"MediaSource.Restart":[],"MediaSource.Stop":[],"libobs.mute":[],"libobs.push-to-mute":[],"libobs.push-to-talk":[],"libobs.unmute":[]},"id":"ffmpeg_source","mixers":255,"monitoring_type":0,"muted":true,"name":"Stream Ending Background Gameplay","prev_ver":453115908,"private_settings":{},"push-to-mute":false,"push-to-mute-delay":0,"push-to-talk":false,"push-to-talk-delay":0,"settings":{"local_file":"C:/Users/12037/Videos/Edited Videos/ubsl bg gameplay.wmv","looping":true},"sync":0,"versioned_id":"ffmpeg_source","volume":1.0},{"balance":0.5,"deinterlace_field_order":0,"deinterlace_mode":0,"enabled":true,"flags":0,"hotkeys":{},"id":"image_source","mixers":0,"monitoring_type":0,"muted":false,"name":"THE STICKMAN 2","prev_ver":453115908,"private_settings":{},"push-to-mute":false,"push-to-mute-delay":0,"push-to-talk":false,"push-to-talk-delay":0,"settings":{"file":"C:/Users/12037/OneDrive/Pictures/Saved Pictures/dancing rgb stickman.gif"},"sync":0,"versioned_id":"image_source","volume":1.0},{"balance":0.5,"deinterlace_field_order":0,"deinterlace_mode":0,"enabled":true,"flags":0,"hotkeys":{"MediaSource.Pause":[],"MediaSource.Play":[],"MediaSource.Restart":[],"MediaSource.Stop":[],"libobs.mute":[],"libobs.push-to-mute":[],"libobs.push-to-talk":[],"libobs.unmute":[]},"id":"ffmpeg_source","mixers":255,"monitoring_type":0,"muted":true,"name":"Be Right Back Background Gameplay","prev_ver":453115908,"private_settings":{},"push-to-mute":false,"push-to-mute-delay":0,"push-to-talk":false,"push-to-talk-delay":0,"settings":{"local_file":"C:/Users/12037/Videos/Edited Videos/ubsl bg gameplay.wmv","looping":true},"sync":0,"versioned_id":"ffmpeg_source","volume":1.0}],"transition_duration":600,"transitions":[]}